{"cameraMode":{"drawMode":0,"name":"Shaded","section":"Shading Mode"},"sceneLighting":true,"audioPlay":false,"sceneViewState":{"showFog":true,"showMaterialUpdate":false,"showSkybox":true,"showFlares":true,"showImageEffects":true,"showParticleSystems":true,"showVisualEffectGraphs":true,"m_FxEnabled":true},"in2DMode":false,"pivot":{"x":38.706199645996097,"y":1.8724000453948975,"z":0.6063499450683594},"rotation":{"x":-0.01434866338968277,"y":0.7394424080848694,"z":-0.6728891730308533,"w":-0.015779433771967889},"size":41.96347427368164,"orthographic":false}