{"cameraMode":{"drawMode":0,"name":"Shaded","section":"Shading Mode"},"sceneLighting":true,"audioPlay":false,"sceneViewState":{"showFog":true,"showMaterialUpdate":false,"showSkybox":true,"showFlares":true,"showImageEffects":true,"showParticleSystems":true,"showVisualEffectGraphs":true,"m_FxEnabled":true},"in2DMode":false,"pivot":{"x":3.589163064956665,"y":1.4589744806289673,"z":7.937566757202148},"rotation":{"x":-0.09737037122249603,"y":0.25154030323028567,"z":-0.025441987439990045,"w":-0.9626027941703796},"size":2.6674983501434328,"orthographic":false}